{
    "TracingConfig": {
        "Mode": "PassThrough"
    },
    "CodeSha256": "PFn4S+er27qk+UuZSTKEQfNKG/XNn7QJs90mJgq6oH8=",
    "FunctionName": "LambdaFunction",
    "CodeSize": 308,
    "RevisionId": "873282ed-4cd3-4dc8-a069-d0c647e470c6",
    "MemorySize": 128,
    "FunctionArn": "arn:aws:lambda:us-east-1:218421721838:function:LambdaFunction",
    "Version": "$LATEST",
    "Role": "arn:aws:iam::218421721838:role/LambdaFuction",
    "Timeout": 3,
    "LastModified": "2019-08-14T22:26:11.234+0000",
    "Handler": "LambdaFuction.handler",
    "Runtime": "nodejs10.x",
    "Description": ""
}